{
  "version": 1,
  "phase_offset_rad": 1.3295820441138462,
  "antenna_spacing_m": 0.11538461538461539,
  "center_freq_hz": 1300000000.0
}